Id,Name
003Ho00001fSUs7IAG,John Wilson
003OF0000058kAsYAI,Alex Jones
003OF00000BEMaEYAX,Emily Miller
003OF000002NxUTYA0,John Williams
003Ho00001k6u4uIAA,David Davis
003OF00000CfErKYAV,John Smith
003OF000007G0JQYA0,Michael Brown
003OF00000EnTjyYAF,Anna Wilson
003OF00000DgQ8JYAV,John Miller
003Ho00001epJUnIAM,David Brown
003Ho00001fXEq4IAG,Jane Davis
003OF00000G0VYsYAN,Robert Wilson
003Ho00001eomlfIAA,Sarah Williams
003Ho00001gmiYaIAI,Anna Taylor
003OF0000096sJuYAI,Jane Wilson
003OF000006KlFTYA0,Laura Garcia
003OF0000032khnYAA,Robert Johnson
003Ho00001fTbWIIA0,Jane Miller
003Ho00001gmN3JIAU,Alex Wilson
003Ho00001lCL2pIAG,Robert Davis
003OF00000CYFCEYA5,David Jones
003OF00000AcPhBYAV,Anna Garcia
003OF00000FZuraYAD,Robert Davis
003OF000003I9CnYAK,Alex Wilson
003Ho00001lEUpeIAG,Sarah Garcia
003OF000007C6NQYA0,John Garcia
003OF00000HmNWoYAN,Robert Smith
003Ho00001gjQ8AIAU,Emily Wilson
003OF000006CL3fYAG,David Jones
003OF000008ORKFYA4,Michael Williams
003OF00000C2k1SYAR,Sarah Jones
0031G00001dxG7dQAE,Michael Johnson
003OF00000GpTq3YAF,Michael Davis
003OF00000Bl5txYAB,Sarah Williams
003OF00000Bj1MfYAJ,Robert Davis
003OF000006mQ87YAE,Jane Johnson
003OF0000091n7xYAA,Emily Taylor
003OF00000EZRgSYAX,Sarah Jones
003Ho00001enNDrIAM,John Garcia
003OF00000GKkiFYAT,Emily Miller
0031G00001ed9vAQAQ,Anna Williams
003OF000003kTQIYA2,David Williams
003OF000005mINxYAM,Laura Davis
003OF00000HV6djYAD,Michael Miller
003OF00000FPuknYAD,Alex Smith
003Ho00001iEAmGIAW,Emily Miller
003OF000005lf1gYAA,Sarah Jones
003OF000002IXKYYA4,Michael Brown
003OF00000GNdDzYAL,Laura Wilson
003OF00000FLxfcYAD,Anna Taylor
003Ho00001fX5IqIAK,John Williams
003OF000003dTGXYA2,Anna Miller
003OF00000BlfFwYAJ,Laura Garcia
003Ho00001fXQ3pIAG,Alex Davis
003OF000002BRAFYA4,Alex Miller
003OF00000CxgabYAB,Robert Williams
003OF00000Gs6f9YAB,David Garcia
003OF00000DxvCxYAJ,Laura Garcia
003OF000005lViJYAU,Jane Brown
0031G00001d6FifQAE,John Davis
003OF000006KFKPYA4,David Davis
003Ho00001gn4mLIAQ,John Taylor
003Ho00001gjgeSIAQ,Alex Johnson
003OF000002UkCOYA0,Emily Johnson
003OF000004s2vOYAQ,Sarah Garcia
003OF00000FN6k3YAD,John Johnson
003OF000004RYheYAG,Jane Davis
0031G00001dz7jCQAQ,Anna Williams
003OF00000CmlQkYAJ,Anna Wilson
003Ho00001fSawQIAS,David Brown
003Ho00001fTJCLIA4,David Johnson
003Ho00001hdGCRIA2,David Williams
003OF00000HNKAnYAP,Anna Smith
003OF000007KnyIYAS,Michael Davis
003Ho00001k67MIIAY,Laura Garcia
003OF00000D6y8TYAR,Jane Johnson
003OF00000CNRDWYA5,Laura Johnson
003Ho00001gjLbDIAU,David Brown
003OF000009PDPuYAO,Jane Williams
003Ho00001hdftxIAA,Michael Brown
0031G00001d85vgQAA,Sarah Williams
003Ho00001k5Dx4IAE,David Smith
003OF000009yj0LYAQ,John Garcia
003OF000004N5EPYA0,Michael Wilson
003Ho00001lDY2HIAW,Alex Miller
003OF0000038pRrYAI,Emily Jones
003Ho00001gl00rIAA,Robert Garcia
003Ho00001hdvwjIAA,John Williams
003OF00000EP4q3YAD,John Smith
003OF000003BUXJYA4,Alex Brown
0031G00001d5PWIQA2,Emily Wilson
003OF000002o9JvYAI,Sarah Jones
003Ho00001mxDStIAM,Laura Garcia
0031G00001cAssNQAS,Sarah Garcia
003Ho00001lCnx6IAC,John Williams
003OF00000FDjDCYA1,Jane Miller
003OF000005bsbLYAQ,Anna Jones
003OF00000FkZyIYAV,Sarah Johnson
003OF000002i3ykYAA,Emily Miller
003OF00000GdiUcYAJ,Michael Brown
003OF00000E57LlYAJ,Michael Davis
003OF00000AtvCnYAJ,David Taylor
003Ho00001fWhxdIAC,Jane Jones
0031G00001dzYKDQA2,Michael Taylor
003OF00000A6M9lYAF,David Wilson
003OF000003s4ePYAQ,Emily Garcia
003OF00000HUHD0YAP,Sarah Miller
003OF00000DKvAkYAL,John Miller
003OF0000027hzxYAA,Jane Brown
003Ho00001hdJCiIAM,Laura Miller
003OF000003ha89YAA,Michael Smith
003Ho00001k4rraIAA,David Taylor
0031G00001d7lJCQAY,Emily Williams
003OF000006JHL4YAO,Laura Jones
003OF00000CG1hCYAT,Sarah Brown
003OF000008i5U1YAI,Laura Smith
0031G00001dza8wQAA,Jane Smith
003Ho00001fZTdiIAG,David Garcia
003Ho00001fYERMIA4,John Johnson
003Ho00001lEFWgIAO,Emily Garcia
003OF00000FddIdYAJ,Sarah Davis
003Ho00001fZashIAC,Alex Wilson
003OF00000GfiVKYAZ,Emily Williams
003OF000004lC1pYAE,Michael Brown
003Ho00001gjtSPIAY,David Wilson
0031G00001d8Qd6QAE,Laura Jones
003OF00000F0rWkYAJ,Michael Miller
003OF00000C3gnOYAR,Laura Smith
003Ho00001glQmYIAU,Emily Williams
003Ho00001k51wMIAQ,Robert Smith
003Ho00001fZKuZIAW,David Jones
003OF000008biyQYAQ,Robert Taylor
003Ho00001gkX86IAE,Alex Wilson
003OF000003pxvbYAA,Alex Brown
003Ho00001fRftuIAC,Alex Williams
003OF00000BsTLIYA3,Laura Williams
003Ho00001lDZfYIAW,Anna Miller
003OF000008UX6qYAG,Emily Davis
003OF00000DJQIfYAP,Sarah Taylor
003Ho00001epJUmIAM,Emily Johnson
003OF000003aSQgYAM,John Garcia
003OF000006r1fFYAQ,Emily Smith
003OF000003jYyJYAU,Anna Garcia
003OF00000Ge7uPYAR,David Garcia
0031G00001e0pfkQAA,David Jones
003OF00000HGoQXYA1,David Jones
003Ho00001enAuXIAU,John Williams
003OF000004JiFyYAK,David Garcia
003OF00000DggZfYAJ,Laura Miller
003OF00000DLJo9YAH,Michael Johnson
003OF00000BISvaYAH,John Jones
